date;airPressure_7h;airPressure_14h;airPressure_19h;skyCover_7h;skyCover_14h;skyCover_19h;temp_7h;temp_14h;temp_19h;hum_7h;hum_14h;hum_19h;windDir_7h;windBeauf_7h;windDir_14h;windBeauf_14h;windDir_19h;windBeauf_19h;precip;precipType
01.01.2022;998.4;1000.4;1001.4;4;8;1;13.1;13.7;11.1;67;66;70;NW;4;W;4;W;2;0;
02.01.2022;997.3;993.9;992.5;9;5;9;3.4;8.9;7.5;96;76;86;E;1;E;1;SW;2;0;
03.01.2022;989.2;990;989.4;4;3;10;12.6;12.6;10.3;55;58;67;W;5;W;4;W;3;0.7;rain
04.01.2022;981.2;975.4;973.8;10;10;5;8.3;8.5;8.9;77;76;73;S;1;SW;2;SW;2;0.3;rain
05.01.2022;976.2;978.4;983.2;10;10;10;7.4;6.8;4.7;82;72;62;NW;2;W;4;W;4;traces;rain
06.01.2022;986.3;990.3;995.7;9;9;0;2.9;5.4;0.8;72;60;66;W;5;W;3;W;3;0;
07.01.2022;997.4;994.5;993.7;0;1;0;-3.4;2.2;-1.2;86;52;63;W;1;SE;3;SE;2;traces;snow
08.01.2022;990.4;988.7;986.8;9;5;7;-2.1;1.2;2.8;72;63;65;S;1;SE;2;W;4;traces;snow
09.01.2022;977.9;978.7;981.4;7;9;9;-4;1.7;0.1;87;66;81;E;1;S;2;NE;1;0.1;rain and snow
10.01.2022;986.8;991.6;996.9;9;9;0;3;3.5;2.6;79;83;76;NW;4;NW;3;NW;4;traces;rain
11.01.2022;1004.8;1006.3;1008.3;9;5;0;-0.8;0.5;-0.9;70;63;69;N;3;NW;3;NW;3;0;
12.01.2022;1010.8;1011.5;1012.1;1;5;3;-5.1;-1.7;-2;83;69;72;NW;3;NW;3;NW;1;0;
13.01.2022;1012.8;1011;1008.9;10;9;1;-0.2;4.6;4.3;72;54;63;W;3;W;3;W;5;0;
14.01.2022;1003.7;1001;1002.2;1;0;1;5.4;10;6.1;59;43;58;W;5;W;6;W;4;0;
15.01.2022;1004.4;1003.5;1002.7;10;7;0;5.3;6.6;0.6;62;53;75;NW;2;NW;3;NW;2;0;
16.01.2022;999.5;996.7;999.3;0;9;4;-3.7;6.1;2.7;92;56;72;W;1;SW;2;W;4;0;
17.01.2022;997.8;994.7;999.3;6;9;10;101.07604104069806;6.2;5.3;73;64;72;W;5;W;6;W;5;6.2;rain
18.01.2022;1008.1;1010.2;1011.2;2;3;3;2;5;2.6;68;57;61;NW;3;NW;3;NW;4;0;
19.01.2022;1006.8;1000.3;996.8;0;1;0;-3;4.3;0.3;88;63;82;NW;1;S;2;W;1;0;
20.01.2022;992.6;990.6;994.5;9;5;10;4.6;5.9;0.9;66;58;68;W;4;W;5;W;3;2.9;rain and snow
21.01.2022;999.2;999.1;999.2;1;1;10;-1.5;2.3;-0.2;59;45;83;NW;4;W;4;W;4;2.4;snow
22.01.2022;994.3;1000.3;1003.7;10;9;4;1.3;2.3;1.5;85;70;65;W;4;N;3;NW;3;2.2;"rain; snow and graupel"
23.01.2022;1004.5;1005.4;1007.1;10;10;10;2.2;3.9;3.7;89;89;85;NW;3;NW;4;NW;3;7.9;rain and snow
24.01.2022;1008.8;1009.7;1010;10;10;10;-0.1;1.3;0.7;94;79;82;NE;1;SE;2;SW;1;0.1;snow
25.01.2022;1007;1005.7;1005.6;10;10;10;0.4;2.1;2.3;90;84;83;N;1;W;2;NW;2;traces;rain
26.01.2022;1004.4;1002.9;1003.2;10;10;10;1.6;2.6;2.3;83;71;75;W;2;W;3;W;3;0;
27.01.2022;1000.6;994.4;994.5;7;6;9;1.8;7.9;5.8;75;44;53;W;2;W;5;W;5;0.9;rain
28.01.2022;996;998.7;1002.1;8;9;9;;6.2;5;72;51;55;W;4;NW;5;W;4;traces;rain
29.01.2022;1003.4;998.8;994;4;10;10;1.8;4.1;6.1;77;84;68;W;3;W;3;W;5;5.5;rain
30.01.2022;989.3;991.1;994.4;9;9;9;7.8;8.3;6.5;61;38;48;W;5;NW;5;W;5;traces;rain
31.01.2022;987.8;980.3;980.1;9;10;3;2.6;5.4;4.2;64;74;77;W;2;W;3;W;4;4.9;rain
01.02.2022;987.4;988.5;984;7;8;4;1.2;5.4;3.2;82;59;68;NW;3;NW;4;W;4;1.3;rain
02.02.2022;981.2;984.7;989.5;9;8;6;4.6;6.9;5;80;64;63;W;4;W;4;NW;4;1.8;rain
03.02.2022;997.4;996.2;993;1;9;7;3.6;9.1;6.6;63;43;55;NW;4;W;2;S;2;0.2;rain
04.02.2022;989.7;989.7;988.7;9;9;4;2.2;9.7;7;83;61;68;NE;2;W;3;W;3;0.3;rain
05.02.2022;993.3;;998.1;9;5;2;6.2;6.8;4.6;56;43;48;NW;4;W;4;NW;3;0.1;rain
06.02.2022;994;988.1;982.9;9;9;9;4.2;10.8;10.4;57;27;32;SW;2;W;4;SW;4;2.4;rain
07.02.2022;979.4;988.3;994.1;9;8;9;3.5;5.1;4.3;88;64;68;W;6;NW;5;NW;4;4.7;rain
08.02.2022;1002.1;1000.8;1000.5;3;8;9;3.8;7.9;7.4;63;54;63;NW;4;W;5;W;4;traces;rain
09.02.2022;1002.9;1001.7;1002.1;3;1;0;8;13.1;8.5;63;46;64;W;4;W;3;W;3;0;
10.02.2022;1000.1;995.9;;0;3;9;0.8;14.3;10.1;94;31;49;SW;1;W;3;W;2;0;
11.02.2022;994.6;997.8;1002.8;9;9;7;6.4;7.8;5.3;72;68;52;SW;2;W;5;W;3;2;rain
12.02.2022;1008.5;1008.1;1006.2;5;7;0;3;6.1;3.5;77;60;62;NW;2;E;2;SE;3;0;
13.02.2022;1001.7;998.5;995.8;1;3;0;-0.8;8.1;4.3;74;42;53;SE;2;SE;3;SE;3;0;
14.02.2022;991.3;988.4;;0;0;3;-1.1;7.3;2.7;76;48;61;S;2;SE;2;E;2;0;
15.02.2022;987.9;989;990.8;8;8;10;0.2;11.4;6.3;91;45;75;W;1;NE;1;W;3;1.1;rain
16.02.2022;989.9;984.9;982.8;3;5;9;4.4;13.8;10.2;79;38;54;W;2;S;3;S;2;3.5;rain
17.02.2022;973;976.1;982.4;9;9;9;14.3;14.3;10;59;45;47;W;5;W;4;W;4;traces;rain
18.02.2022;989.2;986.7;980.6;9;10;3;7.5;12.9;8.8;58;53;81;NW;2;SW;3;W;2;1;rain
19.02.2022;986.5;991.3;993.7;5;8;7;8.2;11.4;8.1;49;33;36;W;5;W;4;W;3;traces;rain
20.02.2022;992.3;991.1;989.1;10;9;8;6.5;10.5;9;55;47;57;W;4;W;4;SW;2;0.1;rain
21.02.2022;978.3;980.5;980.6;9;8;8;7;7.8;;66;49;53;SE;1;W;5;W;2;0.4;rain
22.02.2022;987;992.4;993.8;3;7;8;4.6;8.1;6.4;73;47;50;W;3;NW;4;NW;3;2.1;rain
23.02.2022;994.6;999.5;1001;7;5;0;7.7;;8.6;74;36;51;W;4;NW;4;W;4;1.3;rain
24.02.2022;997.3;992.8;989.6;1;6;10;0.1;13.8;10.2;78;40;50;S;1;SE;2;SE;3;0.1;rain
25.02.2022;994.5;996.3;998.5;8;10;9;4.6;8.4;;74;33;35;W;4;NW;3;NW;3;traces;rain
26.02.2022;1002.8;1004.4;1006;5;7;10;3.5;7.4;3.8;69;41;75;NW;4;NW;3;N;2;traces;rain
27.02.2022;1007.4;1006.5;1006.8;3;5;0;1;8.3;4.7;80;42;49;N;2;N;2;N;3;0;
28.02.2022;1005.9;1005.6;1007.7;1;8;1;0.1;4.3;2.2;62;38;44;N;3;N;3;N;3;0;
01.03.2022;1008.1;1005.1;1003.3;0;1;0;-2.8;6.1;2.7;71;40;49;NW;2;NW;2;W;2;0;
02.03.2022;1000.7;997.4;996;1;1;0;-1;7.2;1.7;57;22;41;NW;3;N;3;NW;2;0;
03.03.2022;994;991.2;991.6;1;6;1;-3.5;7.7;3.3;68;29;41;;0;N;2;NE;2;0;
04.03.2022;993.8;994.1;995.5;10;9;9;-0.8;4.7;2.8;68;47;65;N;3;N;2;N;2;traces;snow
05.03.2022;995.9;995.7;996.2;9;9;9;1;4.3;3.1;74;58;49;NW;2;NE;2;NE;2;traces;snow
06.03.2022;996.6;995.2;995.8;8;9;10;-0.3;3.9;1.6;60;40;49;N;1;NW;2;N;2;0;
07.03.2022;997.1;996.7;997.4;10;9;9;-0.5;1.9;2.8;54;51;55;N;3;NW;4;N;3;traces;snow
08.03.2022;998.2;997.6;997.7;1;8;0;-0.2;7.1;4.7;66;38;44;W;1;N;3;N;2;0;
09.03.2022;999.7;998;998.4;3;4;0;1.1;10.9;;58;39;37;NW;3;NW;2;N;3;0;
10.03.2022;1003;1003.5;1004.3;1;1;0;2.4;8;3.5;60;33;33;NW;2;N;3;NE;2;0;
11.03.2022;1007;1005.6;1004.8;0;0;0;-2.9;4.1;1.2;52;29;33;SE;3;SE;3;SE;3;0;
12.03.2022;1005.2;1003;1001.7;0;2;1;-2.1;7.1;4.2;39;22;26;SE;3;SE;4;SE;4;0;
13.03.2022;999.2;997.9;998.5;0;0;0;-0.5;10.9;7.9;42;20;23;SE;2;SE;4;SE;3;0;
14.03.2022;1001.6;1004.5;1006;0;2;1;2.1;14.7;10.1;43;31;39;SE;3;S;2;S;2;0;
15.03.2022;1005.6;1000.3;997.9;9;10;10;2.3;14.6;11.1;68;36;49;E;1;SE;3;S;2;4.7;rain
16.03.2022;996.1;1000.2;1001.2;8;8;6;8.3;10.1;9.6;71;62;62;NW;4;NW;3;NW;3;0;
17.03.2022;1004.3;1004.9;1005.9;9;5;6;2.6;12.6;8.1;91;31;55;N;1;SE;3;E;2;0;
18.03.2022;1011.7;1013.5;1014.5;9;5;3;2.6;11.4;6.3;86;50;65;N;1;E;2;W;1;0;
19.03.2022;1013.4;1011.1;1011.7;9;0;1;2.2;10.5;8.1;74;27;51;NW;1;E;1;E;3;0;
20.03.2022;1014.1;1013.5;1013.6;0;8;9;1.8;10.4;6.6;43;28;30;SE;2;SE;4;SE;3;0;
21.03.2022;1012.9;1011.8;1011.2;0;0;0;0.8;11.6;7.4;52;20;25;SE;1;SE;3;SE;2;0;
22.03.2022;1012.1;1010.1;1008.7;0;0;0;0.8;15.5;10;52;19;29;NE;1;SE;3;SE;2;0;
23.03.2022;1007.3;1004.4;1002.7;0;0;0;3;19.6;13.5;53;19;24;NE;2;E;2;SE;2;0;
24.03.2022;1001.5;1000.5;1000;0;0;0;4.2;19.5;13.6;60;17;29;SE;1;N;2;N;2;0;
25.03.2022;1002.3;1001.2;1001;0;0;0;4.5;17.8;12.1;60;21;35;SW;1;N;2;N;2;0;
26.03.2022;1003.5;1001.7;1001.2;0;0;0;5;18.1;14.5;64;22;27;NW;1;NW;3;NW;2;0;
27.03.2022;1005.7;1004.1;1002.7;9;3;0;9.5;16.1;12.2;62;44;49;N;2;NE;2;N;2;0;
28.03.2022;1001;995.2;991.5;0;0;0;5.9;19.3;15.4;65;37;36;S;1;E;2;W;2;0;
29.03.2022;986.6;983;980.3;10;7;10;13.8;21.9;18;42;23;27;W;3;W;3;NW;3;0;
30.03.2022;980.3;976;972.9;9;9;10;10.4;15.8;13.1;67;44;54;N;1;SE;3;E;1;traces;rain
31.03.2022;972.8;971.1;970.1;10;10;10;8.3;7.4;5.6;81;93;93;NE;2;N;2;N;2;10;rain
01.04.2022;970.5;972.3;974.9;10;10;10;3.3;5.7;3.2;84;69;76;NW;3;NW;3;N;3;0;
02.04.2022;978;980.4;983.5;10;10;10;2.4;3.6;0.4;69;61;92;NW;3;NW;3;NW;3;4.4;snow
03.04.2022;989;992.4;993.7;8;9;9;1;3.7;2.8;68;54;53;NW;4;NW;3;NW;2;traces;snow
04.04.2022;995;990;985.8;1;4;2;2;9.1;6.2;67;37;54;W;3;W;4;W;2;1.9;rain
05.04.2022;982.8;984.4;984.3;10;10;9;7;9.1;9.7;67;80;77;W;5;W;4;W;3;2.7;rain
06.04.2022;984.9;981.3;977.3;7;7;6;12.1;19.4;15.6;68;39;50;SW;2;S;2;SE;2;2.4;rain
07.04.2022;976.5;973;971.5;9;7;9;10.6;18.6;17;84;38;43;W;3;W;4;NW;3;traces;rain
08.04.2022;977.9;976.3;972.3;8;10;10;9.9;14.7;14.4;62;45;63;W;4;W;2;W;1;3.5;rain
09.04.2022;974.1;983.8;986.1;10;10;10;9.6;8.7;8.2;70;49;44;W;3;NW;3;NW;3;traces;rain
10.04.2022;991.9;992.8;994.4;2;8;5;5.2;8.7;7.4;61;60;44;NW;3;NW;2;NW;3;traces;rain
11.04.2022;998;996;994.6;4;8;2;5.5;;8.7;61;34;38;NW;2;NE;1;SE;2;0;
12.04.2022;995.7;993.9;993.4;8;8;3;5.1;16.4;13.2;56;35;43;NE;1;SE;3;SE;2;0;
13.04.2022;995;994.3;994.1;4;4;2;9.3;19.8;16.3;56;34;40;SE;3;SE;4;SE;3;0;
14.04.2022;993.8;992.8;992.6;3;1;3;11.9;22.3;18.3;48;30;37;SE;2;SE;3;S;2;0;
15.04.2022;996.1;;995.8;9;6;7;14.1;17.1;13.8;70;66;68;NW;2;NW;2;N;3;5;rain
16.04.2022;999.4;1001.9;1003;9;9;9;8.9;9.2;9;70;51;42;NW;4;N;4;N;3;0;
17.04.2022;1003.3;999.5;997.8;1;1;1;6.1;12.3;;56;31;39;NW;3;N;3;NE;3;0;
18.04.2022;993.8;991.3;989.3;7;7;9;;12.1;9.2;65;44;61;SE;1;NW;3;W;2;0.1;rain
19.04.2022;987.2;986.8;988.4;10;10;10;6.7;5;5.3;60;87;88;N;2;E;1;N;2;5.6;rain
20.04.2022;991.2;988.9;988.2;2;6;5;5.2;13.1;8.8;83;43;54;W;2;N;2;NW;2;0;
21.04.2022;987.7;985.6;984.8;3;3;1;6;;13.7;73;41;49;NE;1;SE;3;SE;3;0;
22.04.2022;981.8;981.5;;10;10;10;9.1;8.7;8.6;62;88;90;SE;2;E;2;N;3;4.8;rain
23.04.2022;;982.8;981.2;10;9;10;8.2;13.8;12.7;84;65;73;N;2;SE;2;SE;2;0.2;rain
24.04.2022;975;975.1;978;9;5;8;12.2;17.9;11.2;81;67;92;E;1;W;3;W;1;4.4;rain
25.04.2022;980.7;984.5;986.5;9;9;2;11.1;14.4;11.9;78;60;65;W;4;NW;4;NW;3;traces;rain
26.04.2022;990.7;990.2;990.1;8;8;9;9.2;13.7;;73;52;61;NW;2;E;2;E;2;1.4;rain
27.04.2022;995.2;995.7;997.3;10;10;9;8.5;13.6;11.9;78;61;70;NW;3;NW;3;NW;3;0;
28.04.2022;1000.2;1000.4;1001.3;4;9;8;12.4;17.9;15.4;57;35;35;NW;2;N;3;N;2;0;
29.04.2022;1002.9;1000.5;999.1;0;7;5;11.3;17.7;14.1;63;34;48;SE;1;N;2;NE;2;0;
30.04.2022;998;994.8;993.6;9;8;5;9.4;20.4;17;62;30;39;N;1;SE;2;SE;2;0;
01.05.2022;995.2;994.3;993.5;9;10;10;12.8;14.7;14.1;69;81;73;W;3;NW;1;N;1;1;rain
02.05.2022;992.7;990.5;990.8;9;7;9;12.5;21.6;16.6;79;36;60;SE;1;E;2;SE;1;0.7;rain
03.05.2022;990.2;989;989.3;2;8;4;13.3;20.2;18.8;76;39;44;;0;SW;2;NE;2;0;
04.05.2022;992.4;991.6;991.6;3;7;9;13.9;19.5;16.8;71;49;61;W;1;E;1;E;2;0.8;rain
05.05.2022;994.4;994.1;993.8;5;7;9;14.2;22.3;18.4;80;44;51;E;1;S;2;SW;2;0;
06.05.2022;996;997;996.3;10;10;10;13.7;16.9;16.2;84;78;79;;0;NE;2;NW;2;10.5;rain
07.05.2022;997.1;996.1;995.8;10;10;9;13.4;18.2;16.2;91;72;72;N;2;N;2;N;2;0.1;rain
08.05.2022;997.7;997.8;997.4;10;9;9;14.5;18.7;17.9;80;64;66;NW;1;N;2;NW;2;0;
09.05.2022;1000.2;998.9;998.3;8;5;2;15.7;23.1;19.6;70;41;49;NW;1;N;2;NE;2;0;
10.05.2022;998.8;996.1;993.9;1;5;2;;23.6;19.7;66;37;47;;0;N;2;NW;1;0;
11.05.2022;994.1;991.8;990.3;5;5;4;16.4;28.1;24.8;70;29;38;E;1;W;2;S;3;0;
12.05.2022;991.7;992.4;991.8;2;6;4;20.9;29.5;24.8;61;35;44;SE;1;W;4;W;2;7.6;rain
13.05.2022;994.5;992.4;992.2;9;7;5;16.6;24.2;;92;55;63;W;2;W;4;W;5;0.7;rain
14.05.2022;996.8;994.9;993.7;1;4;3;16.2;23;20;50;36;46;NW;2;NW;3;NW;2;0;
15.05.2022;995.9;994.3;993.3;3;1;3;16.7;24.6;21.6;64;35;44;E;1;NE;2;NE;1;0;
16.05.2022;994.7;992.8;991.9;2;6;8;17.3;26.4;23.1;60;38;51;NE;1;E;2;NE;1;4;rain
17.05.2022;993.4;992.6;995.1;10;8;7;16.2;19.8;16.3;93;79;71;W;4;W;4;N;3;1.3;rain
18.05.2022;1001.7;1002.6;1002.2;1;1;1;15.4;20.5;16.2;64;25;28;N;1;NE;3;N;2;0;
19.05.2022;1001.3;999;997.4;1;1;3;14.2;26.2;22.3;60;29;31;E;1;SE;3;SE;3;0;
20.05.2022;998.5;995.6;991.5;8;3;6;17.7;30.8;27.3;58;37;45;E;1;E;1;S;3;9.4;rain
21.05.2022;993;992.8;991.7;9;2;7;19.1;25.9;21.8;85;36;39;W;3;W;4;NW;3;0;
22.05.2022;992.9;989.4;988.3;7;2;8;;22.6;20.3;56;35;42;NW;3;NW;3;N;2;0;
23.05.2022;988;984.6;982.7;5;8;8;17.2;21.7;20.1;54;45;47;E;2;SE;3;SE;3;0.4;rain
24.05.2022;983.9;984.1;985.8;9;10;10;17.1;22.3;18.2;72;60;88;SE;2;SE;2;SE;1;2.9;rain
25.05.2022;988.5;991.5;993.7;9;10;9;15;17;16.1;87;80;83;W;2;NW;3;NW;2;0.4;rain
26.05.2022;996.9;996.7;995.9;8;5;5;18.8;23.9;21.2;56;41;48;W;4;W;4;W;2;0;
27.05.2022;995.6;991.1;990.5;5;3;9;19.7;25.2;22;56;40;46;W;3;W;5;NW;3;2.2;rain
28.05.2022;991.9;990.8;990.4;9;9;8;14.4;15.7;16.3;76;56;41;W;3;W;3;N;2;traces;rain
29.05.2022;988.5;986.6;986.6;5;10;10;13.4;15.6;11.8;57;47;84;NE;1;SE;2;W;2;0.5;rain
30.05.2022;987.2;987;987.9;9;5;9;12.5;19.4;17.5;72;42;48;W;2;E;2;SE;2;0;
31.05.2022;991.4;989.1;987.2;7;1;5;14.8;24.3;22.3;67;41;51;E;1;SE;3;SE;3;9.1;rain
01.06.2022;991.1;990.7;989.5;3;7;9;17.6;25.9;23;71;31;49;W;4;W;3;SE;2;8.5;rain
02.06.2022;993.7;994.8;994.7;5;5;5;17.9;24.2;21.9;74;45;48;W;2;N;2;E;2;traces;rain
03.06.2022;996.7;993;990.6;2;3;10;20.1;27.4;25.6;51;46;54;SE;1;SE;4;S;3;0;
04.06.2022;991.9;991.8;992.2;5;6;5;22;28.2;22.5;68;46;60;W;3;NW;2;N;1;2.8;rain
05.06.2022;994.4;991;988.5;6;8;9;20.5;26.4;25.2;77;49;61;N;2;E;3;SE;3;24.3;rain
06.06.2022;993;992.5;991.2;9;5;1;17.4;25.3;23.7;88;51;56;W;3;W;3;NE;2;0;
07.06.2022;989.5;988.7;988.3;5;10;10;21.4;19.4;16.6;72;88;92;NE;2;W;3;NW;3;12.9;rain
08.06.2022;987.8;985;983.5;10;9;9;16.9;23.5;21.1;83;51;62;NW;2;NE;2;NE;2;traces;rain
09.06.2022;983.8;985.4;987.8;10;10;10;15.8;17.1;16.9;81;82;84;W;4;W;4;W;4;9.9;rain
10.06.2022;994;996.1;995.9;10;10;9;14.6;17.2;19.4;94;83;73;NW;4;NW;4;W;4;6.2;rain
11.06.2022;997.7;996.5;995.8;0;4;1;19.7;25.2;23.4;61;41;42;NW;3;N;3;N;3;0;
12.06.2022;997.3;995.1;993.2;1;2;0;21.2;27.7;;64;37;52;E;1;N;2;W;2;0;
13.06.2022;992.1;990.4;994;9;8;9;20.6;23.7;17.4;59;63;66;NW;3;W;4;N;4;3.7;rain
14.06.2022;997.9;996.6;995.4;6;9;9;17.3;22.3;20.5;54;45;47;N;2;N;2;NE;2;0;
15.06.2022;996.6;994.8;993.3;3;1;4;17.3;25.8;23.8;65;47;51;E;1;E;3;SE;2;0;
16.06.2022;;991.3;992.8;1;6;4;21.1;29;19;67;42;84;SE;1;SE;2;NW;2;2.7;rain
17.06.2022;997.2;998;998.1;3;5;6;19.5;25;22.6;67;45;44;NW;3;N;3;N;2;0;
18.06.2022;999.1;995.7;993.4;8;1;1;19.7;29.1;26.2;64;33;42;;0;W;1;S;3;0;
19.06.2022;991.7;988.1;986.2;1;1;0;21.3;30.4;27.3;66;37;42;E;2;SE;4;SE;3;0;
20.06.2022;985.1;986.1;983.9;0;5;8;22;26.7;27.4;66;60;55;SE;2;NW;2;W;2;0.7;rain
21.06.2022;990.8;989.7;988.5;5;4;5;17.6;24;22.5;53;34;38;NW;3;NW;2;N;2;0;
22.06.2022;989.9;988.1;986.8;6;8;10;19.9;26.3;23.9;57;39;57;E;1;E;2;SE;2;0.6;rain
23.06.2022;990.7;990.1;988.9;6;1;1;22.4;28.2;25.9;70;35;31;S;1;NE;2;E;2;0;
24.06.2022;988.4;986;983.9;3;3;5;22.3;28.4;26.9;65;45;50;SE;2;SE;4;S;4;7.4;rain
25.06.2022;988.9;990;989.5;10;9;9;15.9;22;21.8;91;63;69;W;5;W;3;NW;2;2;rain
26.06.2022;991.3;991.2;990.4;0;1;1;21.7;28.9;27.1;73;42;44;NE;1;NE;2;SE;2;0;
27.06.2022;990.8;989.7;989;4;2;1;25.3;33.2;30.6;66;38;47;SE;1;SE;3;SE;3;0.4;rain
28.06.2022;995.2;993.9;992.6;8;6;9;22.8;29.1;28.1;70;48;49;W;2;N;2;E;2;0;
29.06.2022;;987.2;985.7;9;7;6;23.9;32.9;28.5;69;39;59;NE;1;E;3;NE;1;0.2;rain
30.06.2022;989.2;987.2;985.4;8;1;3;22.4;31;29.7;73;49;51;NW;2;NW;1;NW;2;0;
01.07.2022;988.2;988.5;992.5;8;3;9;24.8;29.3;18.5;58;47;79;W;4;W;3;W;6;2.5;rain
02.07.2022;1000.3;998.8;996.3;1;1;0;17.7;24.8;23.7;68;40;46;NW;3;N;3;N;2;0;
03.07.2022;995.8;993.8;992.2;2;1;1;20;29.1;27;67;42;47;NE;2;NW;2;N;2;0;
04.07.2022;993.2;992.8;991.6;9;4;9;23;30.3;25.2;69;37;59;SE;1;NW;2;W;3;0.6;rain
05.07.2022;992.3;993.2;993.6;10;10;5;20.1;21.7;21.6;79;74;68;W;4;NW;3;N;3;traces;rain
06.07.2022;994.7;994.9;994.6;2;7;1;23;25.3;22.4;58;45;55;W;2;NW;3;NW;2;0.7;rain and hail
07.07.2022;994.4;994.6;994.7;9;9;9;19.9;18.6;17.5;62;58;68;NE;1;W;4;W;4;0;
08.07.2022;;1000.4;1000.4;9;9;3;16.7;18.2;17.7;74;64;61;NW;4;W;5;W;4;traces;rain
09.07.2022;1000.1;996.5;995.9;5;6;9;18.4;25.4;18.7;59;36;71;NW;3;NW;3;NW;3;4.3;rain
10.07.2022;994;993.7;995;9;5;7;16.8;19.7;17.9;76;46;45;NW;3;NW;4;NW;4;0.5;rain
11.07.2022;996.2;995.4;995.6;9;9;6;16.5;22.8;20.3;64;35;55;W;3;NW;2;W;2;0;
12.07.2022;997.4;997.4;997.1;3;8;2;19.8;22.5;22.8;47;38;35;NW;3;N;2;NW;3;0;
13.07.2022;997.3;995.6;994.4;4;5;5;19;29.8;27.2;58;24;35;W;3;NW;3;W;3;0;
14.07.2022;994;990.7;987.4;9;2;4;22.3;34.1;29.5;54;21;31;E;1;W;3;W;2;6.2;rain
15.07.2022;993.7;994;993.9;2;8;8;19;25.1;22.5;70;34;40;NW;4;NW;3;N;2;0;
16.07.2022;995;993.9;995.5;2;7;7;19.6;26.3;23.9;52;38;35;;0;NW;3;NW;2;0;
17.07.2022;1001.4;1000.6;999.4;0;3;7;20.2;25.3;23.5;48;28;40;N;2;N;2;NW;1;0;
18.07.2022;1001.5;999.3;997.8;8;5;7;17.8;28.5;25.6;56;20;32;E;1;NE;2;N;1;0;
19.07.2022;998.3;996.6;995;1;1;1;22.9;31.8;28.1;47;23;31;S;1;E;2;NE;1;0;
20.07.2022;996.3;994.1;992.9;0;3;4;23.3;35;;51;20;25;E;1;SE;3;SE;3;0;
21.07.2022;994.1;992.9;992.1;6;4;5;26.2;34.1;30.4;50;32;43;SW;1;W;2;W;3;traces;rain
22.07.2022;995;992.4;990.5;1;0;1;25.2;;31;57;32;39;NW;2;NE;1;NE;1;0;
23.07.2022;991.4;990.5;990.8;7;10;6;27.4;31.4;29.1;51;39;42;W;2;W;4;W;3;0;
24.07.2022;995.7;;992.7;8;3;1;22.8;30.7;28;62;29;33;NW;3;NW;2;N;2;0;
25.07.2022;992.2;987.7;984.8;1;0;1;22.1;34.1;31.5;57;29;39;NE;1;SE;3;SE;3;2.3;rain
26.07.2022;988.4;990;989.7;10;10;3;19.8;20.6;;88;82;91;W;4;N;3;W;1;3;rain
27.07.2022;990.3;990.2;990.1;1;10;9;20.4;22.6;22.7;83;61;64;NE;2;W;2;NW;1;0.1;rain
28.07.2022;;991.4;990;1;1;1;18.5;28.6;26.4;67;33;40;N;2;E;2;E;2;0;
29.07.2022;991.2;990.3;989.5;4;8;8;22.2;27;21.3;60;50;90;E;1;N;2;NE;2;3.5;rain
30.07.2022;990.6;989.3;989.9;10;9;4;18.3;23.1;20.7;91;67;70;W;3;W;3;W;3;2.2;rain
31.07.2022;991.7;990.3;990.1;6;6;7;19.1;26.7;23.8;66;38;52;NW;4;NW;4;W;3;0;
01.08.2022;990.1;990.2;990.4;9;8;1;22.5;25.5;25.3;62;48;54;NW;1;W;3;W;3;0.1;rain
02.08.2022;994;993.5;993;6;2;4;22.4;28.7;26.1;63;42;48;NW;2;N;2;NW;2;0;
03.08.2022;994.5;993.2;992.2;1;1;1;21.7;31.9;27.3;66;27;39;;0;E;2;NE;1;0;
04.08.2022;;991.5;990.3;0;0;0;21;33.3;29.4;63;25;28;NE;1;E;3;SE;3;0;
05.08.2022;;988.5;988;0;1;8;24.1;34.4;30.9;51;32;42;SE;2;NE;2;NW;2;0;
06.08.2022;994.5;997.2;997.8;9;10;9;23.1;22.3;20.5;74;64;64;NW;4;N;3;N;3;0.8;rain
07.08.2022;997.9;995.9;995.2;9;9;10;17.7;24.6;21.9;61;44;54;NW;3;N;3;N;2;0.2;rain
08.08.2022;997;998.1;997.4;9;9;8;18.5;18.4;19.4;58;83;68;NW;2;SW;2;W;2;2.5;rain
09.08.2022;998.9;998;998.4;1;1;1;18.7;28;24.4;57;30;35;NW;3;N;3;N;3;0;
10.08.2022;1000.2;998.5;997.8;4;6;1;19.8;27;24.6;55;31;35;N;2;N;3;NE;3;0;
11.08.2022;997.9;995.5;994.4;1;7;4;19.4;27;23.3;52;26;35;N;1;NE;1;N;2;0;
12.08.2022;995.1;993.4;991.9;4;3;5;18;27.3;23.5;61;29;38;N;1;E;2;NW;2;0;
13.08.2022;990.8;989;988.1;8;10;8;20.2;27.4;24.3;59;42;55;NW;2;N;3;N;3;traces;rain
14.08.2022;986.8;985.4;983.3;9;8;4;21.3;25.5;23.7;74;56;62;NW;2;NW;2;NW;1;0;
15.08.2022;982.4;981.5;981.5;4;4;8;20.5;31.4;26.1;73;34;49;NE;2;W;3;W;2;0;
16.08.2022;985.1;985.7;985.7;5;1;2;23.5;30.7;27.3;51;34;42;W;4;NW;2;W;2;0;
17.08.2022;987.2;986.1;985.8;0;1;6;22.7;33.8;28.3;63;24;38;W;1;E;2;N;1;0;
18.08.2022;986.5;984.8;984.5;8;2;9;24.2;34.8;26.9;55;30;46;SW;1;E;3;W;2;traces;rain
19.08.2022;986.9;986.8;985.6;9;9;9;23;28.2;25.3;69;52;57;W;4;SE;3;E;2;1.4;rain
20.08.2022;988;988.5;988.9;7;10;10;21.3;22.1;20.6;68;65;68;W;2;W;4;NW;3;0;
21.08.2022;988.5;988.7;988.5;9;10;10;18.6;19;20.3;78;82;67;NW;4;NW;3;NW;3;17.4;rain
22.08.2022;987.8;988.8;989.4;10;9;10;14.9;16.8;16.2;92;86;88;NW;4;NW;4;NW;3;10.3;rain
23.08.2022;990;991.8;992.7;10;8;6;15.6;20.5;17.9;94;72;85;W;3;W;4;W;3;0.6;rain
24.08.2022;994;993.8;993.5;9;4;8;19.6;25.8;23.4;81;55;68;NW;3;N;3;NW;2;traces;rain
25.08.2022;992.6;991.3;990.1;10;4;3;21.5;27.9;24.4;84;51;66;N;1;E;2;E;2;0;
26.08.2022;989.2;986.9;985.7;3;3;6;20.6;30.3;27.1;82;44;54;;0;E;1;SE;1;0;
27.08.2022;987.9;987.2;987.9;8;6;9;21.9;28.6;24.4;72;50;69;W;2;NW;2;NW;2;7.4;rain
28.08.2022;989;990.3;991.4;9;9;9;19.3;24;19.7;91;66;89;W;1;NW;3;NW;2;1.2;rain
29.08.2022;994.5;994.1;993.6;9;4;1;19.1;26;21.8;76;43;61;NW;3;NW;3;NW;2;0;
30.08.2022;995.8;994.5;993.6;1;1;2;19;26.7;21.5;75;38;59;NW;1;N;2;N;2;0;
31.08.2022;993.8;993.4;994.3;9;9;10;18.5;23.5;18.2;70;49;76;NE;2;N;3;NW;3;0.2;rain
01.09.2022;993.6;;994.4;5;6;4;17;22.7;19;65;35;43;N;3;N;3;N;3;0;
02.09.2022;994.1;992.5;;1;3;5;14.1;22.3;18.9;65;38;48;NW;2;E;1;NE;2;0;
03.09.2022;991.8;990.7;990.6;1;9;6;13.1;25.1;22.2;76;44;53;NE;2;E;3;SE;3;3;rain
04.09.2022;994.8;996.7;997.9;9;9;9;16.8;21.7;20.6;94;71;71;NW;2;NE;1;E;2;0.4;rain
05.09.2022;1000;998.2;997.1;1;8;6;;24.2;22.4;92;53;57;NE;1;E;2;E;2;0;
06.09.2022;995.7;994.1;993.8;0;9;9;16.9;25.2;21.8;79;54;62;NE;2;NE;2;E;2;0;
07.09.2022;992.8;991.1;990.2;1;5;9;17.1;27.5;24.2;85;49;60;S;1;E;2;S;2;0;
08.09.2022;985.6;986.9;988.9;7;10;9;18.4;20.6;17.9;84;80;74;E;2;W;4;W;2;2.3;rain
09.09.2022;991;989.9;990.4;4;9;10;14.5;22.8;16.2;89;50;91;W;1;E;2;W;3;4.1;rain
10.09.2022;989.6;989.6;990.2;3;6;8;15.9;20.6;16.5;79;57;67;W;4;W;4;W;4;0.1;rain
11.09.2022;990;990.1;991.5;9;7;9;16.2;18.4;15.9;77;69;90;W;3;W;4;NW;3;6.2;rain
12.09.2022;992.4;991.6;991.6;5;5;7;15.8;22.2;17.5;74;50;68;NW;3;NW;2;N;2;0;
13.09.2022;990.1;987.7;986.1;5;5;9;12.3;23.2;21;92;50;53;;0;E;1;S;2;0.2;rain
14.09.2022;983.6;981.6;980;10;9;8;16.1;22.9;21.8;92;59;74;W;1;S;2;W;2;28.7;rain
15.09.2022;980.8;980.1;981.1;8;10;8;;18.6;17.2;77;89;88;W;3;W;3;W;2;3.8;rain
16.09.2022;984.4;983.4;983.4;6;9;10;14.8;18.3;15.1;79;66;78;NW;2;W;3;NW;2;0.3;rain
17.09.2022;983.9;983.5;983.9;9;10;9;12.3;12.7;10.3;80;66;87;W;3;W;3;W;3;0.4;rain
18.09.2022;986.1;987.8;987.8;7;9;9;10.5;;11.5;65;84;80;W;4;NW;3;W;3;7.9;rain
19.09.2022;988.1;990;991.6;9;9;9;9.3;12.5;11.5;83;79;76;W;3;W;4;W;3;4.3;rain
20.09.2022;993.6;994.1;996;9;9;6;10.6;12.2;10;78;85;80;NW;3;W;2;W;3;3.6;rain
21.09.2022;999.2;999;999.2;4;4;6;9.7;16;12.7;75;54;64;NW;4;NW;3;NW;3;traces;rain
22.09.2022;998.4;997.3;997.6;2;6;1;10.1;15.9;10.4;77;52;68;NW;2;NW;2;NW;2;traces;rain
23.09.2022;996.9;994.7;993;1;1;5;6.1;16.6;11.1;95;43;70;W;1;E;2;E;2;0;
24.09.2022;991;989.7;989.1;7;9;6;7.6;16.8;14;85;59;76;;0;E;2;NE;1;0;
25.09.2022;988.9;987.2;986.2;9;9;9;11;14.9;13.5;92;76;87;W;1;E;2;E;1;0.7;rain
26.09.2022;983.4;982.5;981.1;9;6;9;12.9;18.2;;92;56;73;W;2;W;3;W;2;0.1;rain
27.09.2022;975.2;975.7;977.6;10;10;10;11.8;14;12.2;93;73;62;;0;W;3;W;4;3.1;rain
28.09.2022;976.9;974.1;975.8;5;8;8;10.4;17.9;14.6;75;55;63;S;1;S;3;W;2;0.2;rain
29.09.2022;978.8;979.2;980.2;10;7;9;9.9;15.7;12.7;85;57;71;W;2;E;2;SE;2;2.8;rain
30.09.2022;984.1;988.1;989.2;10;6;10;10.7;15.7;;96;68;76;NW;1;NW;2;SE;1;0.2;rain
01.10.2022;990;987.2;987.9;9;10;6;13;17.3;14;85;62;72;W;1;W;2;W;4;traces;rain
02.10.2022;993.5;;992.2;5;10;10;13.5;14.4;13;69;79;87;W;4;W;4;W;4;1.5;rain
03.10.2022;995.7;996.3;997.6;5;3;3;12.5;16.3;12.6;72;51;70;NW;4;NW;4;NW;4;traces;rain
04.10.2022;997.3;998.4;999.5;9;7;0;11.8;17.5;11.3;74;55;77;W;3;NW;2;NW;2;0;
05.10.2022;1000.3;999.1;999.2;3;10;8;6.7;19;15.4;95;59;75;NE;1;SE;2;SE;2;0;
06.10.2022;1002.7;1003.8;1005;3;7;8;9.4;23.1;16.6;97;52;78;NE;1;W;2;NW;2;0;
07.10.2022;1003.3;999.1;997.3;10;3;1;11.9;21.2;;98;58;72;NE;1;SE;3;SE;2;0;
08.10.2022;995.8;994.8;995.6;9;9;3;13.2;19.7;14.8;93;66;84;SW;1;E;1;NW;1;0;
09.10.2022;1001.4;1000.7;999.7;4;9;5;11;16.4;9.7;73;48;75;NW;3;NE;2;E;1;0;
10.10.2022;997.2;995.6;995.5;8;9;3;10.1;17;13.5;73;60;75;SE;3;SE;3;S;2;1;rain
11.10.2022;997.7;998.7;999.5;6;3;9;10.7;18.8;15.3;97;52;79;NW;1;N;2;NW;2;0.1;rain
12.10.2022;;999.5;999.3;7;9;9;10.4;16.9;;79;55;77;N;1;NE;2;NE;1;0;
13.10.2022;998.4;996.7;995.6;10;9;1;11.4;13.9;10.6;84;75;92;NE;1;E;1;NW;1;0.4;rain
14.10.2022;994.6;993.3;992.4;10;9;7;11.1;16.2;12.8;94;79;93;W;1;SE;1;E;1;2.5;rain
15.10.2022;988.7;990.1;992.4;10;10;10;12.1;14.1;14.1;95;95;96;SW;1;S;2;S;2;3.3;rain
16.10.2022;995.8;997.6;999;10;7;1;11.3;18.4;15.1;99;74;87;SE;1;SW;2;SE;2;0;
17.10.2022;;1002.7;1003.3;1;5;4;;22.3;18;100;54;58;NE;2;SE;4;S;3;0;
18.10.2022;1002.6;1000.6;999.6;1;1;3;9.4;19.3;14.8;93;61;82;N;1;E;1;W;1;0;
19.10.2022;1000.3;999.1;1001.3;3;1;7;13;18.2;11.5;84;59;61;NW;2;NW;3;N;3;0;
20.10.2022;1001.3;998.1;996.3;2;6;5;4.8;14.6;11.9;92;57;72;N;1;SE;3;SE;3;0;
21.10.2022;994.3;991.5;992.7;8;10;9;7.6;12.2;10.6;78;61;67;SE;2;SE;3;E;2;0;
22.10.2022;990.8;992.4;994.3;8;10;1;9.2;14.4;14.5;75;87;79;SW;2;NW;1;W;4;1.6;rain
23.10.2022;996.5;994.4;993.7;10;9;10;9.1;12.8;12.2;99;85;96;NE;1;E;2;SE;1;traces;rain
24.10.2022;993.7;991.9;992.9;7;9;10;11.3;17.8;15.5;96;75;92;NE;2;SE;1;W;2;5.4;rain
25.10.2022;993.8;994.9;995.7;8;1;0;13.4;19.8;13.3;83;53;80;NW;3;W;3;W;2;0;
26.10.2022;995.9;997.4;999.3;5;10;10;8.2;12.7;12.5;98;91;95;;0;NE;2;SW;1;0.2;rain
27.10.2022;1002.9;1003.5;1003.6;8;7;3;8.4;17.5;12.1;100;74;96;NE;1;E;2;SE;1;0.1;rain
28.10.2022;1003.3;1003;1002.9;10;10;10;10.9;12.5;11.9;98;91;97;SE;2;SE;2;S;2;traces;rain
29.10.2022;1001.3;1000.4;1000.1;10;10;10;11.9;13.4;12.4;98;90;96;SW;2;SE;1;SE;1;0;
30.10.2022;998.8;997.9;997.8;10;10;10;10.8;12.6;11.7;100;92;98;N;1;E;2;S;1;traces;rain
31.10.2022;997.9;997.6;996.9;10;10;10;10.5;12;11.1;98;94;98;N;1;E;1;SE;2;0.3;rain
01.11.2022;994.8;996.1;997.6;10;9;8;10.7;13.8;10.6;97;79;94;S;2;N;2;NE;1;0.1;rain
02.11.2022;998.5;997.9;999.6;7;5;9;10.1;18.7;14.1;98;55;65;W;1;W;4;NW;3;0;
03.11.2022;997.9;991.6;988.9;9;7;3;8.5;17.2;14.1;87;55;73;SW;1;SE;4;S;3;traces;rain
04.11.2022;982.7;980.3;982.7;9;10;10;11.1;10.6;7.7;90;94;80;SE;1;SW;2;W;5;7.3;rain
05.11.2022;988.7;991.1;994.1;9;10;8;8.7;11.6;10.6;76;69;69;W;3;NW;4;NW;3;traces;rain
06.11.2022;996.3;993.8;992.5;1;1;1;5.2;11.9;6.1;91;55;82;NW;2;N;2;SE;1;0.4;rain
07.11.2022;994.4;994.7;995;10;3;1;8.4;16.2;9.1;91;53;84;W;1;W;3;SW;1;traces;rain
08.11.2022;994.6;993.7;992.9;10;10;8;4.8;7.9;6.7;99;91;96;E;1;S;2;W;1;0;
09.11.2022;992.9;993.2;994;10;10;3;8.8;9.2;7;93;89;95;SE;2;NW;1;NW;1;0.1;rain
10.11.2022;;1002.5;1005.9;10;7;8;7.1;12.5;10.3;93;78;82;SE;1;W;3;W;3;traces;rain
11.11.2022;1008.5;1008.9;1008.9;5;9;9;4.2;12.3;8;98;73;87;E;1;NE;2;W;2;0;
12.11.2022;1007.9;1007.3;1007;5;6;0;4.2;15.8;7.2;96;42;80;W;1;NW;2;N;1;0;
13.11.2022;1005.5;1003.2;1002.5;10;0;0;5.7;11.1;6.5;100;74;94;SE;2;SE;2;SE;2;0;
14.11.2022;999.5;;996.1;10;2;4;6.2;10.7;6.7;98;76;95;S;2;SE;2;S;2;traces;rain
15.11.2022;992.3;988.9;986.7;10;10;10;6.5;;8.4;100;99;94;SE;2;E;2;SE;2;0.5;rain
16.11.2022;980.7;980;979;10;10;10;7.4;8.2;7.6;100;98;95;E;2;N;1;W;2;1.4;rain
17.11.2022;977.2;978.1;977.8;8;10;10;6.5;7.7;6.4;92;86;88;NW;2;NE;2;E;2;0.1;rain
18.11.2022;975.8;975.5;979;10;10;10;5.2;5.5;2;99;97;93;NE;1;N;2;N;2;3.8;rain and snow
19.11.2022;987.4;988.5;989;9;9;10;-1;0.2;0.2;87;77;73;N;2;NE;1;E;2;0.3;rain and snow
20.11.2022;987.6;987.1;986.2;10;6;7;0.1;5.5;3.1;85;74;90;NE;2;S;1;W;2;0.6;rain
21.11.2022;982.9;982.3;981.9;10;5;1;4.2;7.7;3.6;93;69;86;SW;2;W;4;SW;2;0;
22.11.2022;976.7;977.9;979.3;10;10;10;4.2;5.2;4.4;93;84;84;SE;2;E;2;E;2;5;rain
23.11.2022;980.1;979.5;980.5;10;10;8;3.7;;5.7;93;83;82;NW;3;NW;3;NW;3;1.9;rain
24.11.2022;985.5;987.7;990.1;9;10;9;4.3;6.8;7;86;90;87;W;4;NW;2;NW;3;10;rain
25.11.2022;993.9;994.4;995.8;1;1;7;3.2;9.5;5.6;96;72;91;W;2;E;2;NW;1;traces;rain
26.11.2022;1001.4;1003.5;1004.7;9;9;5;7.6;9.7;;78;75;78;W;3;W;3;NW;3;0.8;rain
27.11.2022;1004.7;1002.6;1000.7;6;1;1;4.6;8.1;2.2;88;66;91;W;1;;0;NE;1;0;
28.11.2022;994.7;992.7;993.7;9;9;10;3.8;5.7;3.9;89;79;81;SE;4;SE;4;SE;4;0;
29.11.2022;994.7;995.6;997;10;9;7;2.8;4.9;2.4;86;73;88;SE;3;SE;3;SE;2;0;
30.11.2022;998.5;998.4;998.4;9;10;10;1.5;5.3;4.9;93;71;75;NE;1;NE;1;N;1;traces;rain
01.12.2022;998.9;998.3;;10;9;9;1.2;3.5;1.5;83;76;85;N;1;N;2;N;2;0;
02.12.2022;997.1;996.7;996.9;9;10;10;-0.1;0.4;0.8;86;95;97;N;1;E;2;SE;3;2.3;snow
03.12.2022;996.8;995.8;;10;10;10;2.6;3.8;4.2;90;89;90;SE;3;SE;3;SE;3;traces;rain
04.12.2022;995.2;994.4;994.8;10;10;10;4.6;3.9;3.8;92;87;91;SE;3;SE;3;SE;3;0.1;rain
05.12.2022;993.7;993.9;994.5;10;10;10;4;4.3;3.9;91;97;95;SE;2;SE;2;W;1;3.5;rain
06.12.2022;991.4;991.1;990.3;9;9;9;4.2;5.9;5;81;78;75;W;2;W;3;W;3;1.6;rain
07.12.2022;989.7;989.2;989.9;10;5;9;4.4;6.1;3.8;79;58;71;W;3;W;3;W;3;0;
08.12.2022;987.3;985;984.9;9;9;10;2.3;5;4;81;80;86;NE;1;SE;2;SE;2;0;
09.12.2022;982.3;977.8;975.4;10;10;10;2.8;4.9;4.2;86;94;98;SE;3;SE;2;E;2;6.5;rain
10.12.2022;980;;979.6;10;10;10;2.9;3.6;3.3;85;79;82;NW;2;NW;3;NW;3;1;rain and snow
11.12.2022;980;980.6;982.1;10;3;10;0.3;0.5;-0.6;86;63;81;NW;4;NW;4;NW;3;0.5;snow
12.12.2022;983.3;984.8;986.7;9;10;8;-2;-1.4;-2.3;79;84;80;W;3;W;3;W;3;1.8;snow
13.12.2022;988.3;986.9;987.2;0;1;0;-6.8;-0.4;-3.2;86;63;80;SW;1;E;2;E;2;0;
14.12.2022;982.3;978;977.1;10;10;10;-1.6;-0.2;0.1;81;78;82;SE;3;SE;3;SE;3;1.1;rain and snow
15.12.2022;982.7;985;984.7;10;10;10;0.5;1;0.3;94;86;96;N;1;E;2;E;2;5.7;rain and snow
16.12.2022;978.1;982.7;986.8;10;10;10;1.4;2.1;0.5;98;83;85;E;1;NW;2;NW;3;1.2;rain and snow
17.12.2022;994;999.1;1003;10;9;4;;0.8;-0.7;80;73;76;NW;3;NW;3;NW;4;traces;snow
18.12.2022;1009.2;1010.4;1011.1;0;9;10;-5.1;-2.9;-2.2;87;81;85;NW;1;E;2;E;2;traces;graupel
19.12.2022;1007.8;1007.6;1006.9;9;10;10;-2.1;-0.7;-0.5;85;83;84;SE;4;S;3;SE;3;0.1;"rain; snow; graupel and hail"
20.12.2022;1003.9;1001;999.9;10;10;10;-1.4;-1.2;-0.9;89;94;90;SE;3;S;3;SE;3;traces;snow
21.12.2022;996;994.3;993.5;10;10;10;-0.6;0.1;0.1;92;90;90;S;1;SW;1;S;2;0.4;rain
22.12.2022;990.7;988;987.4;10;9;7;-0.3;1.4;1.3;93;91;95;S;2;SW;2;NW;1;2.1;rain
23.12.2022;984.8;984.8;985;10;9;10;3.7;6.6;;97;88;94;NW;1;E;2;NE;1;3.9;rain
24.12.2022;985.5;990.2;993.5;10;5;5;11.9;12.1;10.3;63;68;71;W;4;W;4;W;3;0.2;rain
25.12.2022;996.5;996.1;994.3;9;5;0;8;11;6.5;82;70;94;S;1;E;2;SE;1;traces;rain
26.12.2022;994.7;993.9;994.3;10;10;7;4.8;7.9;7.1;100;86;94;W;1;S;1;NE;1;traces;rain
27.12.2022;999.4;1002.9;1004.3;6;1;7;8.7;7.5;3.5;66;51;73;W;4;W;4;W;2;0;
28.12.2022;1000.3;997.8;996;4;7;2;-0.7;4.9;2.2;87;68;83;W;2;SE;1;E;1;0;
29.12.2022;993.8;992.6;992.7;3;10;8;-0.5;2.2;2;93;88;90;SE;1;S;2;W;2;0;
30.12.2022;994;995.2;994.9;10;1;10;1.5;4.8;1.8;96;83;99;NE;1;SE;1;SE;2;0.1;rain
31.12.2022;997.1;997.6;998;10;9;3;3.5;7.7;6.5;91;81;91;SW;2;SW;2;SW;2;0.3;rain
